<?xml version="1.0" encoding="UTF-8" ?>
<!DOCTYPE mapper
PUBLIC "-//mybatis.org//DTD Mapper 3.0//EN"
"http://mybatis.org/dtd/mybatis-3-mapper.dtd">
<mapper namespace="com.iams.manage.mapper.CabinetMapper">
    
    <resultMap type="Cabinet" id="CabinetResult">
        <result property="id"    column="id"    />
        <result property="bianhao"    column="bianhao"    />
        <result property="name"    column="name"    />
        <result property="repositoryId"    column="repository_id"    />
        <result property="pai"    column="pai"    />
        <result property="lie"    column="lie"    />
        <result property="sectionCount"    column="section_count"    />
        <result property="layerCount"    column="layer_count"    />
        <result property="capacity"    column="capacity"    />
        <result property="size"    column="size"    />
        <result property="temperature"    column="temperature"    />
        <result property="moisture"    column="moisture"    />
        <result property="oxygen"    column="oxygen"    />
        <result property="waterlogging"    column="waterlogging"    />
        <result property="createTime"    column="create_time"    />
        <result property="createBy"    column="create_by"    />
        <result property="updateTime"    column="update_time"    />
        <result property="updateBy"    column="update_by"    />
        <result property="remark"    column="remark"    />
    </resultMap>

    <sql id="selectCabinetVo">
        select id, bianhao, name, repository_id, pai, lie, section_count, layer_count, capacity, size, temperature, moisture, oxygen, waterlogging, create_time, create_by, update_time, update_by, remark from tb_cabinet
    </sql>

    <select id="selectCabinetList" parameterType="Cabinet" resultMap="CabinetResult">
        <include refid="selectCabinetVo"/>
        <where>  
            <if test="bianhao != null  and bianhao != ''"> and bianhao = #{bianhao}</if>
            <if test="name != null  and name != ''"> and name like concat('%', #{name}, '%')</if>
            <if test="repositoryId != null "> and repository_id = #{repositoryId}</if>
            <if test="sectionCount != null "> and section_count = #{sectionCount}</if>
            <if test="layerCount != null "> and layer_count = #{layerCount}</if>
            <if test="capacity != null "> and capacity = #{capacity}</if>
            <if test="size != null "> and size = #{size}</if>
        </where>
    </select>
    
    <select id="selectCabinetById" parameterType="Long" resultMap="CabinetResult">
        <include refid="selectCabinetVo"/>
        where id = #{id}
    </select>

    <insert id="insertCabinet" parameterType="Cabinet" useGeneratedKeys="true" keyProperty="id">
        insert into tb_cabinet
        <trim prefix="(" suffix=")" suffixOverrides=",">
            <if test="bianhao != null and bianhao != ''">bianhao,</if>
            <if test="name != null and name != ''">name,</if>
            <if test="repositoryId != null">repository_id,</if>
            <if test="pai != null">pai,</if>
            <if test="lie != null">lie,</if>
            <if test="sectionCount != null">section_count,</if>
            <if test="layerCount != null">layer_count,</if>
            <if test="capacity != null">capacity,</if>
            <if test="size != null">size,</if>
            <if test="temperature != null">temperature,</if>
            <if test="moisture != null">moisture,</if>
            <if test="oxygen != null">oxygen,</if>
            <if test="waterlogging != null">waterlogging,</if>
            <if test="createTime != null">create_time,</if>
            <if test="createBy != null">create_by,</if>
            <if test="updateTime != null">update_time,</if>
            <if test="updateBy != null">update_by,</if>
            <if test="remark != null">remark,</if>
         </trim>
        <trim prefix="values (" suffix=")" suffixOverrides=",">
            <if test="bianhao != null and bianhao != ''">#{bianhao},</if>
            <if test="name != null and name != ''">#{name},</if>
            <if test="repositoryId != null">#{repositoryId},</if>
            <if test="pai != null">#{pai},</if>
            <if test="lie != null">#{lie},</if>
            <if test="sectionCount != null">#{sectionCount},</if>
            <if test="layerCount != null">#{layerCount},</if>
            <if test="capacity != null">#{capacity},</if>
            <if test="size != null">#{size},</if>
            <if test="temperature != null">#{temperature},</if>
            <if test="moisture != null">#{moisture},</if>
            <if test="oxygen != null">#{oxygen},</if>
            <if test="waterlogging != null">#{waterlogging},</if>
            <if test="createTime != null">#{createTime},</if>
            <if test="createBy != null">#{createBy},</if>
            <if test="updateTime != null">#{updateTime},</if>
            <if test="updateBy != null">#{updateBy},</if>
            <if test="remark != null">#{remark},</if>
         </trim>
    </insert>

    <update id="updateCabinet" parameterType="Cabinet">
        update tb_cabinet
        <trim prefix="SET" suffixOverrides=",">
            <if test="bianhao != null and bianhao != ''">bianhao = #{bianhao},</if>
            <if test="name != null and name != ''">name = #{name},</if>
            <if test="repositoryId != null">repository_id = #{repositoryId},</if>
            <if test="pai != null">pai = #{pai},</if>
            <if test="lie != null">lie = #{lie},</if>
            <if test="sectionCount != null">section_count = #{sectionCount},</if>
            <if test="layerCount != null">layer_count = #{layerCount},</if>
            <if test="capacity != null">capacity = #{capacity},</if>
            <if test="size != null">size = #{size},</if>
            <if test="temperature != null">temperature = #{temperature},</if>
            <if test="moisture != null">moisture = #{moisture},</if>
            <if test="oxygen != null">oxygen = #{oxygen},</if>
            <if test="waterlogging != null">waterlogging = #{waterlogging},</if>
            <if test="createTime != null">create_time = #{createTime},</if>
            <if test="createBy != null">create_by = #{createBy},</if>
            <if test="updateTime != null">update_time = #{updateTime},</if>
            <if test="updateBy != null">update_by = #{updateBy},</if>
            <if test="remark != null">remark = #{remark},</if>
        </trim>
        where id = #{id}
    </update>

    <delete id="deleteCabinetById" parameterType="Long">
        delete from tb_cabinet where id = #{id}
    </delete>

    <delete id="deleteCabinetByIds" parameterType="String">
        delete from tb_cabinet where id in 
        <foreach item="id" collection="array" open="(" separator="," close=")">
            #{id}
        </foreach>
    </delete>
</mapper>