<?xml version="1.0" encoding="UTF-8" ?>
<!DOCTYPE mapper
PUBLIC "-//mybatis.org//DTD Mapper 3.0//EN"
"http://mybatis.org/dtd/mybatis-3-mapper.dtd">
<mapper namespace="com.iams.manage.mapper.CategoryMapper">
    
    <resultMap type="Category" id="CategoryResult">
        <result property="id"    column="id"    />
        <result property="name"    column="name"    />
        <result property="description"    column="description"    />
        <result property="archiveCount"    column="archive_count"    />
        <result property="createTime"    column="create_time"    />
        <result property="createBy"    column="create_by"    />
        <result property="updateTime"    column="update_time"    />
        <result property="updateBy"    column="update_by"    />
        <result property="remark"    column="remark"    />
    </resultMap>

    <sql id="selectCategoryVo">
        select id, name, description, archive_count, create_time, create_by, update_time, update_by, remark from tb_category
    </sql>

    <select id="selectCategoryList" parameterType="Category" resultMap="CategoryResult">
        <include refid="selectCategoryVo"/>
        <where>  
            <if test="name != null  and name != ''"> and name like concat('%', #{name}, '%')</if>
            <if test="description != null  and description != ''"> and description like concat('%', #{description}, '%')</if>
        </where>
    </select>
    
    <select id="selectCategoryById" parameterType="Long" resultMap="CategoryResult">
        <include refid="selectCategoryVo"/>
        where id = #{id}
    </select>

    <insert id="insertCategory" parameterType="Category" useGeneratedKeys="true" keyProperty="id">
        insert into tb_category
        <trim prefix="(" suffix=")" suffixOverrides=",">
            <if test="name != null and name != ''">name,</if>
            <if test="description != null">description,</if>
            <if test="archiveCount != null">archive_count,</if>
            <if test="createTime != null">create_time,</if>
            <if test="createBy != null">create_by,</if>
            <if test="updateTime != null">update_time,</if>
            <if test="updateBy != null">update_by,</if>
            <if test="remark != null">remark,</if>
         </trim>
        <trim prefix="values (" suffix=")" suffixOverrides=",">
            <if test="name != null and name != ''">#{name},</if>
            <if test="description != null">#{description},</if>
            <if test="archiveCount != null">#{archiveCount},</if>
            <if test="createTime != null">#{createTime},</if>
            <if test="createBy != null">#{createBy},</if>
            <if test="updateTime != null">#{updateTime},</if>
            <if test="updateBy != null">#{updateBy},</if>
            <if test="remark != null">#{remark},</if>
         </trim>
    </insert>

    <update id="updateCategory" parameterType="Category">
        update tb_category
        <trim prefix="SET" suffixOverrides=",">
            <if test="name != null and name != ''">name = #{name},</if>
            <if test="description != null">description = #{description},</if>
            <if test="archiveCount != null">archive_count = #{archiveCount},</if>
            <if test="createTime != null">create_time = #{createTime},</if>
            <if test="createBy != null">create_by = #{createBy},</if>
            <if test="updateTime != null">update_time = #{updateTime},</if>
            <if test="updateBy != null">update_by = #{updateBy},</if>
            <if test="remark != null">remark = #{remark},</if>
        </trim>
        where id = #{id}
    </update>

    <delete id="deleteCategoryById" parameterType="Long">
        delete from tb_category where id = #{id}
    </delete>

    <delete id="deleteCategoryByIds" parameterType="String">
        delete from tb_category where id in 
        <foreach item="id" collection="array" open="(" separator="," close=")">
            #{id}
        </foreach>
    </delete>
</mapper>